Size,Price,Item Condition,Style,Item Specifics,Season
XXL,30.7,Pre-Owned,Metal Vent Tech Shirt,Long Sleeve,Summer
L,54.99,Pre-Owned,T.H.E. Short,Linerless,Summer
XXL,40.7,Pre-Owned,Pace Breaker Short,Lined,Summer
L,47.7,Pre-Owned,Surge Short,Lined,Summer
M,32.0,Pre-Owned,Metal Vent Tech Shirt,Short Sleeve,Summer
M,54.99,Pre-Owned,T.H.E. Short,Linerless,Summer
M,40.7,Pre-Owned,Metal Vent Tech Shirt,Short Sleeve,Summer
L,34.0,Pre-Owned,Evolution Polo,Short Sleeve,Fall
L,43.7,Pre-Owned,Pace Breaker Short,Lined,Fall
L,49.99,Pre-Owned,Metal Vent Tech Shirt,Long Sleeve,Fall
L,49.99,Pre-Owned,Metal Vent Tech Shirt,Short Sleeve,Fall
L,46.99,Pre-Owned,Metal Vent Tech Shirt,Short Sleeve,Fall
XL,54.99,Pre-Owned,Metal Vent Tech Henley,Long Sleeve,Fall
L,49.99,Pre-Owned,Metal Vent Tech Shirt,Long Sleeve,Fall
L,49.99,Pre-Owned,Metal Vent Tech Polo,Short Sleeve,Fall
L,30.0,Pre-Owned,Commission Short,,Fall
L,46.0,Pre-Owned,Surge Short,Lined,Fall
L,57.99,Pre-Owned,Metal Vent Tech 1/2 Zip,Long Sleeve,Fall
L,40.0,Pre-Owned,Pace Breaker Short,Linerless,Fall
L,33.99,Pre-Owned,Metal Vent Tech Tank Top,Sleeveless,Fall
L,40.0,Pre-Owned,Surge Short,Lined,Fall
XXL,30.7,Pre-Owned,Pace Breaker Short,Lined,Fall
L,40.0,Pre-Owned,Metal Vent Tech Shirt,Short Sleeve,Fall
L,45.01,Pre-Owned,T.H.E. Short,Linerless,Fall
L,50.0,Pre-Owned,T.H.E. Short,Linerless,Fall
L,46.99,Pre-Owned,Metal Vent Tech Shirt,Long Sleeve,Winter
M,47.99,Pre-Owned,T.H.E. Short,Lined,Winter
L,46.99,Pre-Owned,Surge Short,Linerless,Winter
L,35.0,Pre-Owned,Metal Vent Tech Shirt,Short Sleeve,Winter
L,35.0,Pre-Owned,Surge Short,Linerless,Winter
S,34.99,Pre-Owned,Metal Vent Tech Shirt,Short Sleeve,Winter
L,47.99,Pre-Owned,Pace Breaker Short,Lined,Winter
L,44.99,Pre-Owned,T.H.E. Short,Linerless,Winter
M,50.0,Pre-Owned,Pace Breaker Short,Lined,Winter
M,35.0,Pre-Owned,Metal Vent Tech Shirt,Short Sleeve,Winter
S,35.0,Pre-Owned,Metal Vent Tech Shirt,Short Sleeve,Winter
M,29.99,Pre-Owned,Pace Breaker Short,Linerless,Winter
M,43.0,Pre-Owned,Pace Breaker Short,Lined,Winter
S,46.0,Pre-Owned,Metal Vent Tech 1/2 Zip,Long Sleeve,Winter
L,40.0,Pre-Owned,Evolution Polo,Short Sleeve,Winter
M,20.5,Pre-Owned,5 Year Basic Tee,Short Sleeve,Winter
L,40.0,Pre-Owned,Pace Breaker Short,Lined,Winter
XL,44.99,Pre-Owned,Metal Vent Tech Shirt,Short Sleeve,Winter
XL,44.99,Pre-Owned,Metal Vent Tech Shirt,Short Sleeve,Winter
L,36.0,Pre-Owned,Metal Vent Tech Polo,Short Sleeve,Winter
M,46.99,Pre-Owned,T.H.E. Short,Lined,Winter
M,30.0,Pre-Owned,Surge Short,Linerless,Spring
S,36.99,Pre-Owned,Surge Short,Lined,Spring
XL,49.99,Pre-Owned,Metal Vent Tech 1/2 Zip,Long Sleeve,Spring
M,40.0,Pre-Owned,T.H.E. Short,Linerless,Spring
L,45.0,Pre-Owned,Surge Short,Lined,Spring
L,44.99,Pre-Owned,Pace Breaker Short,Lined,Spring
S,40.0,Pre-Owned,Metal Vent Tech Shirt,Long Sleeve,Spring
M,46.99,Pre-Owned,Surge Warm,Long Sleeve,Spring
L,46.99,Pre-Owned,Metal Vent Tech Shirt,Long Sleeve,Spring
L,41.99,Pre-Owned,Metal Vent Tech Shirt,Short Sleeve,Spring
L,44.99,Pre-Owned,Metal Vent Tech Shirt,Short Sleeve,Spring
L,44.99,Pre-Owned,Metal Vent Tech Shirt,Short Sleeve,Spring
L,44.99,Pre-Owned,Metal Vent Tech Shirt,Short Sleeve,Spring
L,36.99,Pre-Owned,Metal Vent Tech Polo,Short Sleeve,Spring
XL,50.0,Pre-Owned,Surge Warm,Long Sleeve,Spring
L,41.99,Pre-Owned,Metal Vent Tech Shirt,Short Sleeve,Spring
XXL,35.0,Pre-Owned,T.H.E. Short,Linerless,Spring
L,34.99,Pre-Owned,Metal Vent Tech Tank Top,Sleeveless,Spring
S,41.99,Pre-Owned,Surge Short,Lined,Spring
L,41.99,Pre-Owned,T.H.E. Short,Linerless,Spring
L,41.99,Pre-Owned,T.H.E. Short,Linerless,Spring
L,47.99,Pre-Owned,Pace Breaker Short,Lined,Spring
M,45.0,Pre-Owned,T.H.E. Short,Linerless,Spring
L,44.99,Pre-Owned,Surge Short,Linerless,Spring
L,40.99,Pre-Owned,Metal Vent Tech Shirt,Short Sleeve,Spring
M,31.99,Pre-Owned,Metal Vent Tech Tank Top,Sleeveless,Spring
M,49.99,Pre-Owned,T.H.E. Short,Linerless,Spring
S,44.99,Pre-Owned,Surge Short,Lined,Spring
L,40.0,Pre-Owned,T.H.E. Short,Lined,Spring
M,46.01,Pre-Owned,T.H.E. Short,Linerless,Spring
S,50.0,Pre-Owned,Pace Breaker Short,Lined,Spring
L,40.0,Pre-Owned,Evolution Polo,Short Sleeve,Spring
M,31.99,Pre-Owned,Metal Vent Tech Tank Top,Sleeveless,Spring
L,44.99,Pre-Owned,Metal Vent Tech Shirt,Short Sleeve,Spring
S,47.99,Pre-Owned,Surge Short,Linerless,Spring
L,44.99,Pre-Owned,Metal Vent Tech Shirt,Short Sleeve,Spring
M,41.99,Pre-Owned,Metal Vent Tech Shirt,Short Sleeve,Spring
S,40.0,Pre-Owned,T.H.E. Short,Linerless,Spring
L,40.0,Pre-Owned,Metal Vent Tech Shirt,Long Sleeve,Spring
L,41.99,Pre-Owned,Metal Vent Tech Shirt,Short Sleeve,Spring
XL,42.99,Pre-Owned,T.H.E. Short,Linerless,Spring
M,41.99,Pre-Owned,Surge Short,Lined,Spring
L,42.0,Pre-Owned,Metal Vent Tech Shirt,Short Sleeve,Spring
L,47.99,Pre-Owned,T.H.E. Short,Linerless,Spring
M,40.0,Pre-Owned,Surge Short,Lined,Spring
S,49.99,Pre-Owned,Commission Shirt,Long Sleeve,Spring
S,41.99,Pre-Owned,Surge Short,Linerless,Spring
L,45.0,Pre-Owned,Metal Vent Tech Henley,Long Sleeve,Spring
XL,46.99,Pre-Owned,Metal Vent Tech Polo,Short Sleeve,Spring
XL,46.99,Pre-Owned,Metal Vent Tech Polo,Short Sleeve,Spring
L,41.99,Pre-Owned,Metal Vent Tech Shirt,Short Sleeve,Spring
M,29.99,Pre-Owned,Metal Vent Tech Tank Top,Sleeveless,Spring
L,49.99,Pre-Owned,T.H.E. Short,Linerless,Spring
L,44.99,Pre-Owned,Metal Vent Tech Shirt,Short Sleeve,Spring
L,41.99,Pre-Owned,T.H.E. Short,Linerless,Spring
S,36.99,Pre-Owned,Metal Vent Tech Shirt,Short Sleeve,Spring
L,49.99,Pre-Owned,Metal Vent Tech Shirt,Long Sleeve,Spring
L,40.0,Pre-Owned,Surge Short,Lined,Spring
XL,39.99,Pre-Owned,Metal Vent Tech Shirt,Short Sleeve,Spring
M,51.99,Pre-Owned,Current State Board Short,Linerless,Spring
M,40.0,Pre-Owned,Surge Short,Lined,Spring
S,41.99,Pre-Owned,Surge Short,Lined,Spring
M,50.0,Pre-Owned,Metal Vent Tech 1/2 Zip,Long Sleeve,Spring
L,46.99,Pre-Owned,Metal Vent Tech Shirt,Long Sleeve,Spring
